{
  "overall": {
    "precision_at_5": 0.10555555555555556,
    "recall_at_10": 0.2916666666666667,
    "mrr": 0.23263888888888887,
    "num_queries": 24
  },
  "by_mem_type": {
    "IC": {
      "precision_at_5": 0.1037037037037037,
      "recall_at_10": 0.3055555555555556,
      "mrr": 0.22685185185185183,
      "num_queries": 18
    },
    "WM": {
      "precision_at_5": 0.0962962962962963,
      "recall_at_10": 0.2222222222222222,
      "mrr": 0.19444444444444445,
      "num_queries": 9
    }
  },
  "by_chapter_bucket": {
    "1-10": {
      "precision_at_5": 0.0,
      "recall_at_10": 0.0,
      "mrr": 0.0,
      "num_queries": 7
    },
    "11-20": {
      "precision_at_5": 0.0,
      "recall_at_10": 0.0,
      "mrr": 0.0,
      "num_queries": 7
    },
    "21-30": {
      "precision_at_5": 0.21666666666666667,
      "recall_at_10": 0.625,
      "mrr": 0.5625,
      "num_queries": 4
    },
    "31-40": {
      "precision_at_5": 0.27777777777777773,
      "recall_at_10": 0.75,
      "mrr": 0.5555555555555556,
      "num_queries": 6
    }
  }
}